"Sample","Time","Decoder","Ann Row","Ann Class","Value",
"24537","1.227 s","Timing","Times","Time","2.550 ms (392.157 Hz)",
"24588","1.229 s","Timing","Times","Time","2.550 ms (392.157 Hz)",
"24639","1.232 s","Timing","Times","Time","1.200 ms (833.333 Hz)",
"24663","1.233 s","Timing","Times","Time","2.900 ms (344.828 Hz)",
"24721","1.236 s","Timing","Times","Time","1.150 ms (869.565 Hz)",
"24744","1.237 s","Timing","Times","Time","1.150 ms (869.565 Hz)",
"24767","1.238 s","Timing","Times","Time","1.150 ms (869.565 Hz)",
"24790","1.240 s","Timing","Times","Time","1.150 ms (869.565 Hz)",
"24813","1.241 s","Timing","Times","Time","1.150 ms (869.565 Hz)",
"24836","1.242 s","Timing","Times","Time","2.900 ms (344.828 Hz)",
"24894","1.245 s","Timing","Times","Time","1.150 ms (869.565 Hz)",
"24917","1.246 s","Timing","Times","Time","2.900 ms (344.828 Hz)",
"24975","1.249 s","Timing","Times","Time","1.100 ms (909.091 Hz)",
"24997","1.250 s","Timing","Times","Time","1.200 ms (833.333 Hz)",
"25021","1.251 s","Timing","Times","Time","1.150 ms (869.565 Hz)",
"25044","1.252 s","Timing","Times","Time","1.150 ms (869.565 Hz)",
"25067","1.253 s","Timing","Times","Time","1.150 ms (869.565 Hz)",
"25090","1.254 s","Timing","Times","Time","1.150 ms (869.565 Hz)",
"25113","1.256 s","Timing","Times","Time","1.150 ms (869.565 Hz)",
"25136","1.257 s","Timing","Times","Time","1.150 ms (869.565 Hz)",
"25159","1.258 s","Timing","Times","Time","1.150 ms (869.565 Hz)",
"25182","1.259 s","Timing","Times","Time","1.150 ms (869.565 Hz)",
"25205","1.260 s","Timing","Times","Time","1.150 ms (869.565 Hz)",
"25228","1.261 s","Timing","Times","Time","1.150 ms (869.565 Hz)",
"25251","1.263 s","Timing","Times","Time","1.150 ms (869.565 Hz)",
"25274","1.264 s","Timing","Times","Time","2.900 ms (344.828 Hz)",
"25332","1.267 s","Timing","Times","Time","1.150 ms (869.565 Hz)",
"25355","1.268 s","Timing","Times","Time","1.150 ms (869.565 Hz)",
"25378","1.269 s","Timing","Times","Time","1.150 ms (869.565 Hz)",
"25401","1.270 s","Timing","Times","Time","2.900 ms (344.828 Hz)",
"25459","1.273 s","Timing","Times","Time","1.100 ms (909.091 Hz)",
"25481","1.274 s","Timing","Times","Time","2.900 ms (344.828 Hz)",
"25539","1.277 s","Timing","Times","Time","1.150 ms (869.565 Hz)",
"25562","1.278 s","Timing","Times","Time","1.150 ms (869.565 Hz)",
"25585","1.279 s","Timing","Times","Time","1.150 ms (869.565 Hz)",
"25608","1.280 s","Timing","Times","Time","57.350 ms (17.437 Hz)",
"26755","1.338 s","Timing","Times","Time","2.550 ms (392.157 Hz)",
"26806","1.340 s","Timing","Times","Time","2.600 ms (384.615 Hz)",
"26858","1.343 s","Timing","Times","Time","1.150 ms (869.565 Hz)",
"26881","1.344 s","Timing","Times","Time","2.900 ms (344.828 Hz)",
"26939","1.347 s","Timing","Times","Time","1.100 ms (909.091 Hz)",
"26961","1.348 s","Timing","Times","Time","1.200 ms (833.333 Hz)",
"26985","1.349 s","Timing","Times","Time","1.100 ms (909.091 Hz)",
"27007","1.350 s","Timing","Times","Time","1.200 ms (833.333 Hz)",
"27031","1.352 s","Timing","Times","Time","1.150 ms (869.565 Hz)",
"27054","1.353 s","Timing","Times","Time","2.850 ms (350.877 Hz)",
"27111","1.356 s","Timing","Times","Time","1.150 ms (869.565 Hz)",
"27134","1.357 s","Timing","Times","Time","2.900 ms (344.828 Hz)",
"27192","1.360 s","Timing","Times","Time","1.150 ms (869.565 Hz)",
"27215","1.361 s","Timing","Times","Time","1.150 ms (869.565 Hz)",
"27238","1.362 s","Timing","Times","Time","1.150 ms (869.565 Hz)",
"27261","1.363 s","Timing","Times","Time","1.150 ms (869.565 Hz)",
"27284","1.364 s","Timing","Times","Time","1.150 ms (869.565 Hz)",
"27307","1.365 s","Timing","Times","Time","1.150 ms (869.565 Hz)",
"27330","1.367 s","Timing","Times","Time","1.150 ms (869.565 Hz)",
"27353","1.368 s","Timing","Times","Time","1.200 ms (833.333 Hz)",
"27377","1.369 s","Timing","Times","Time","1.100 ms (909.091 Hz)",
"27399","1.370 s","Timing","Times","Time","1.200 ms (833.333 Hz)",
"27423","1.371 s","Timing","Times","Time","1.100 ms (909.091 Hz)",
"27445","1.372 s","Timing","Times","Time","1.200 ms (833.333 Hz)",
"27469","1.373 s","Timing","Times","Time","1.150 ms (869.565 Hz)",
"27492","1.375 s","Timing","Times","Time","2.850 ms (350.877 Hz)",
"27549","1.377 s","Timing","Times","Time","1.150 ms (869.565 Hz)",
"27572","1.379 s","Timing","Times","Time","1.200 ms (833.333 Hz)",
"27596","1.380 s","Timing","Times","Time","1.100 ms (909.091 Hz)",
"27618","1.381 s","Timing","Times","Time","2.900 ms (344.828 Hz)",
"27676","1.384 s","Timing","Times","Time","1.150 ms (869.565 Hz)",
"27699","1.385 s","Timing","Times","Time","2.900 ms (344.828 Hz)",
"27757","1.388 s","Timing","Times","Time","1.150 ms (869.565 Hz)",
"27780","1.389 s","Timing","Times","Time","1.150 ms (869.565 Hz)",
"27803","1.390 s","Timing","Times","Time","1.150 ms (869.565 Hz)",
"27826","1.391 s","Timing","Times","Time","57.300 ms (17.452 Hz)",
"28972","1.449 s","Timing","Times","Time","2.550 ms (392.157 Hz)",
"29023","1.451 s","Timing","Times","Time","2.600 ms (384.615 Hz)",
"29075","1.454 s","Timing","Times","Time","1.150 ms (869.565 Hz)",
"29098","1.455 s","Timing","Times","Time","2.900 ms (344.828 Hz)",
"29156","1.458 s","Timing","Times","Time","1.150 ms (869.565 Hz)",
"29179","1.459 s","Timing","Times","Time","1.150 ms (869.565 Hz)",
"29202","1.460 s","Timing","Times","Time","1.150 ms (869.565 Hz)",
"29225","1.461 s","Timing","Times","Time","1.150 ms (869.565 Hz)",
"29248","1.462 s","Timing","Times","Time","1.150 ms (869.565 Hz)",
"29271","1.464 s","Timing","Times","Time","2.900 ms (344.828 Hz)",
"29329","1.466 s","Timing","Times","Time","1.150 ms (869.565 Hz)",
"29352","1.468 s","Timing","Times","Time","2.900 ms (344.828 Hz)",
"29410","1.470 s","Timing","Times","Time","1.100 ms (909.091 Hz)",
"29432","1.472 s","Timing","Times","Time","1.200 ms (833.333 Hz)",
"29456","1.473 s","Timing","Times","Time","1.100 ms (909.091 Hz)",
"29478","1.474 s","Timing","Times","Time","1.200 ms (833.333 Hz)",
"29502","1.475 s","Timing","Times","Time","1.150 ms (869.565 Hz)",
"29525","1.476 s","Timing","Times","Time","1.150 ms (869.565 Hz)",
"29548","1.477 s","Timing","Times","Time","1.150 ms (869.565 Hz)",
"29571","1.479 s","Timing","Times","Time","1.150 ms (869.565 Hz)",
"29594","1.480 s","Timing","Times","Time","1.150 ms (869.565 Hz)",
"29617","1.481 s","Timing","Times","Time","1.150 ms (869.565 Hz)",
"29640","1.482 s","Timing","Times","Time","1.150 ms (869.565 Hz)",
"29663","1.483 s","Timing","Times","Time","1.150 ms (869.565 Hz)",
"29686","1.484 s","Timing","Times","Time","1.150 ms (869.565 Hz)",
"29709","1.485 s","Timing","Times","Time","2.900 ms (344.828 Hz)",
"29767","1.488 s","Timing","Times","Time","1.150 ms (869.565 Hz)",
"29790","1.490 s","Timing","Times","Time","1.150 ms (869.565 Hz)",
"29813","1.491 s","Timing","Times","Time","1.150 ms (869.565 Hz)",
"29836","1.492 s","Timing","Times","Time","2.900 ms (344.828 Hz)",
"29894","1.495 s","Timing","Times","Time","1.150 ms (869.565 Hz)",
"29917","1.496 s","Timing","Times","Time","2.850 ms (350.877 Hz)",
"29974","1.499 s","Timing","Times","Time","1.150 ms (869.565 Hz)",
"29997","1.500 s","Timing","Times","Time","1.200 ms (833.333 Hz)",
"30021","1.501 s","Timing","Times","Time","1.100 ms (909.091 Hz)",
"30043","1.502 s","Timing","Times","Time","57.350 ms (17.437 Hz)",
"31190","1.560 s","Timing","Times","Time","2.550 ms (392.157 Hz)",
"31241","1.562 s","Timing","Times","Time","2.600 ms (384.615 Hz)",
"31293","1.565 s","Timing","Times","Time","1.150 ms (869.565 Hz)",
"31316","1.566 s","Timing","Times","Time","2.900 ms (344.828 Hz)",
"31374","1.569 s","Timing","Times","Time","1.100 ms (909.091 Hz)",
"31396","1.570 s","Timing","Times","Time","1.200 ms (833.333 Hz)",
"31420","1.571 s","Timing","Times","Time","1.150 ms (869.565 Hz)",
"31443","1.572 s","Timing","Times","Time","1.150 ms (869.565 Hz)",
"31466","1.573 s","Timing","Times","Time","1.150 ms (869.565 Hz)",
"31489","1.574 s","Timing","Times","Time","2.850 ms (350.877 Hz)",
"31546","1.577 s","Timing","Times","Time","1.150 ms (869.565 Hz)",
"31569","1.578 s","Timing","Times","Time","2.900 ms (344.828 Hz)",
"31627","1.581 s","Timing","Times","Time","1.150 ms (869.565 Hz)",
"31650","1.583 s","Timing","Times","Time","1.150 ms (869.565 Hz)",
"31673","1.584 s","Timing","Times","Time","1.150 ms (869.565 Hz)",
"31696","1.585 s","Timing","Times","Time","1.150 ms (869.565 Hz)",
"31719","1.586 s","Timing","Times","Time","1.150 ms (869.565 Hz)",
"31742","1.587 s","Timing","Times","Time","1.150 ms (869.565 Hz)",
"31765","1.588 s","Timing","Times","Time","1.150 ms (869.565 Hz)",
"31788","1.589 s","Timing","Times","Time","1.200 ms (833.333 Hz)",
"31812","1.591 s","Timing","Times","Time","1.100 ms (909.091 Hz)",
"31834","1.592 s","Timing","Times","Time","1.200 ms (833.333 Hz)",
"31858","1.593 s","Timing","Times","Time","1.150 ms (869.565 Hz)",
"31881","1.594 s","Timing","Times","Time","1.150 ms (869.565 Hz)",
"31904","1.595 s","Timing","Times","Time","1.150 ms (869.565 Hz)",
"31927","1.596 s","Timing","Times","Time","2.900 ms (344.828 Hz)",
"31985","1.599 s","Timing","Times","Time","1.100 ms (909.091 Hz)",
"32007","1.600 s","Timing","Times","Time","1.200 ms (833.333 Hz)",
"32031","1.602 s","Timing","Times","Time","1.100 ms (909.091 Hz)",
"32053","1.603 s","Timing","Times","Time","2.900 ms (344.828 Hz)",
"32111","1.606 s","Timing","Times","Time","1.150 ms (869.565 Hz)",
"32134","1.607 s","Timing","Times","Time","2.900 ms (344.828 Hz)",
"32192","1.610 s","Timing","Times","Time","1.150 ms (869.565 Hz)",
"32215","1.611 s","Timing","Times","Time","1.150 ms (869.565 Hz)",
"32238","1.612 s","Timing","Times","Time","1.150 ms (869.565 Hz)",
"32261","1.613 s","Timing","Times","Time","57.350 ms (17.437 Hz)",
"33408","1.670 s","Timing","Times","Time","2.500 ms (400.000 Hz)",
"33458","1.673 s","Timing","Times","Time","2.600 ms (384.615 Hz)",
"33510","1.675 s","Timing","Times","Time","1.150 ms (869.565 Hz)",
"33533","1.677 s","Timing","Times","Time","2.900 ms (344.828 Hz)",
"33591","1.680 s","Timing","Times","Time","1.150 ms (869.565 Hz)",
"33614","1.681 s","Timing","Times","Time","1.150 ms (869.565 Hz)",
"33637","1.682 s","Timing","Times","Time","1.150 ms (869.565 Hz)",
"33660","1.683 s","Timing","Times","Time","1.150 ms (869.565 Hz)",
"33683","1.684 s","Timing","Times","Time","1.150 ms (869.565 Hz)",
"33706","1.685 s","Timing","Times","Time","2.900 ms (344.828 Hz)",
"33764","1.688 s","Timing","Times","Time","1.150 ms (869.565 Hz)",
"33787","1.689 s","Timing","Times","Time","2.900 ms (344.828 Hz)",
"33845","1.692 s","Timing","Times","Time","1.150 ms (869.565 Hz)",
"33868","1.693 s","Timing","Times","Time","1.150 ms (869.565 Hz)",
"33891","1.695 s","Timing","Times","Time","1.150 ms (869.565 Hz)",
"33914","1.696 s","Timing","Times","Time","1.150 ms (869.565 Hz)",
"33937","1.697 s","Timing","Times","Time","1.150 ms (869.565 Hz)",
"33960","1.698 s","Timing","Times","Time","1.150 ms (869.565 Hz)",
"33983","1.699 s","Timing","Times","Time","1.150 ms (869.565 Hz)",
"34006","1.700 s","Timing","Times","Time","1.150 ms (869.565 Hz)",
"34029","1.701 s","Timing","Times","Time","1.150 ms (869.565 Hz)",
"34052","1.703 s","Timing","Times","Time","1.150 ms (869.565 Hz)",
"34075","1.704 s","Timing","Times","Time","1.150 ms (869.565 Hz)",
"34098","1.705 s","Timing","Times","Time","1.150 ms (869.565 Hz)",
"34121","1.706 s","Timing","Times","Time","1.150 ms (869.565 Hz)",
"34144","1.707 s","Timing","Times","Time","2.900 ms (344.828 Hz)",
"34202","1.710 s","Timing","Times","Time","1.150 ms (869.565 Hz)",
"34225","1.711 s","Timing","Times","Time","1.150 ms (869.565 Hz)",
"34248","1.712 s","Timing","Times","Time","1.150 ms (869.565 Hz)",
"34271","1.714 s","Timing","Times","Time","2.900 ms (344.828 Hz)",
"34329","1.716 s","Timing","Times","Time","1.150 ms (869.565 Hz)",
"34352","1.718 s","Timing","Times","Time","2.900 ms (344.828 Hz)",
"34410","1.720 s","Timing","Times","Time","1.150 ms (869.565 Hz)",
"34433","1.722 s","Timing","Times","Time","1.150 ms (869.565 Hz)",
"34456","1.723 s","Timing","Times","Time","1.150 ms (869.565 Hz)",
"34479","1.724 s","Timing","Times","Time","57.300 ms (17.452 Hz)",
"35625","1.781 s","Timing","Times","Time","2.550 ms (392.157 Hz)",
"35676","1.784 s","Timing","Times","Time","2.600 ms (384.615 Hz)",
"35728","1.786 s","Timing","Times","Time","1.150 ms (869.565 Hz)",
"35751","1.788 s","Timing","Times","Time","2.900 ms (344.828 Hz)",
"35809","1.790 s","Timing","Times","Time","1.150 ms (869.565 Hz)",
"35832","1.792 s","Timing","Times","Time","1.150 ms (869.565 Hz)",
"35855","1.793 s","Timing","Times","Time","1.150 ms (869.565 Hz)",
"35878","1.794 s","Timing","Times","Time","1.150 ms (869.565 Hz)",
"35901","1.795 s","Timing","Times","Time","1.150 ms (869.565 Hz)",
"35924","1.796 s","Timing","Times","Time","2.900 ms (344.828 Hz)",
"35982","1.799 s","Timing","Times","Time","1.150 ms (869.565 Hz)",
"36005","1.800 s","Timing","Times","Time","2.850 ms (350.877 Hz)",
"36062","1.803 s","Timing","Times","Time","1.150 ms (869.565 Hz)",
"36085","1.804 s","Timing","Times","Time","1.150 ms (869.565 Hz)",
"36108","1.805 s","Timing","Times","Time","1.150 ms (869.565 Hz)",
"36131","1.807 s","Timing","Times","Time","1.150 ms (869.565 Hz)",
"36154","1.808 s","Timing","Times","Time","1.150 ms (869.565 Hz)",
"36177","1.809 s","Timing","Times","Time","1.200 ms (833.333 Hz)",
"36201","1.810 s","Timing","Times","Time","1.150 ms (869.565 Hz)",
"36224","1.811 s","Timing","Times","Time","1.150 ms (869.565 Hz)",
"36247","1.812 s","Timing","Times","Time","1.150 ms (869.565 Hz)",
"36270","1.813 s","Timing","Times","Time","1.150 ms (869.565 Hz)",
"36293","1.815 s","Timing","Times","Time","1.150 ms (869.565 Hz)",
"36316","1.816 s","Timing","Times","Time","1.150 ms (869.565 Hz)",
"36339","1.817 s","Timing","Times","Time","1.150 ms (869.565 Hz)",
"36362","1.818 s","Timing","Times","Time","2.900 ms (344.828 Hz)",
"36420","1.821 s","Timing","Times","Time","1.100 ms (909.091 Hz)",
"36442","1.822 s","Timing","Times","Time","1.200 ms (833.333 Hz)",
"36466","1.823 s","Timing","Times","Time","1.150 ms (869.565 Hz)",
"36489","1.824 s","Timing","Times","Time","2.850 ms (350.877 Hz)",
"36546","1.827 s","Timing","Times","Time","1.200 ms (833.333 Hz)",
"36570","1.829 s","Timing","Times","Time","2.850 ms (350.877 Hz)",
"36627","1.831 s","Timing","Times","Time","1.150 ms (869.565 Hz)",
"36650","1.833 s","Timing","Times","Time","1.150 ms (869.565 Hz)",
"36673","1.834 s","Timing","Times","Time","1.200 ms (833.333 Hz)",
"36697","1.835 s","Timing","Times","Time","57.300 ms (17.452 Hz)",
"37843","1.892 s","Timing","Times","Time","2.550 ms (392.157 Hz)",
"37894","1.895 s","Timing","Times","Time","2.550 ms (392.157 Hz)",
"37945","1.897 s","Timing","Times","Time","1.200 ms (833.333 Hz)",
"37969","1.898 s","Timing","Times","Time","2.850 ms (350.877 Hz)",
"38026","1.901 s","Timing","Times","Time","1.200 ms (833.333 Hz)",
"38050","1.903 s","Timing","Times","Time","1.100 ms (909.091 Hz)",
"38072","1.904 s","Timing","Times","Time","1.150 ms (869.565 Hz)",
"38095","1.905 s","Timing","Times","Time","1.150 ms (869.565 Hz)",
"38118","1.906 s","Timing","Times","Time","1.150 ms (869.565 Hz)",
"38141","1.907 s","Timing","Times","Time","2.900 ms (344.828 Hz)",
"38199","1.910 s","Timing","Times","Time","1.200 ms (833.333 Hz)",
"38223","1.911 s","Timing","Times","Time","2.850 ms (350.877 Hz)",
"38280","1.914 s","Timing","Times","Time","1.150 ms (869.565 Hz)",
"38303","1.915 s","Timing","Times","Time","1.150 ms (869.565 Hz)",
"38326","1.916 s","Timing","Times","Time","1.150 ms (869.565 Hz)",
"38349","1.917 s","Timing","Times","Time","1.150 ms (869.565 Hz)",
"38372","1.919 s","Timing","Times","Time","1.150 ms (869.565 Hz)",
"38395","1.920 s","Timing","Times","Time","1.150 ms (869.565 Hz)",
"38418","1.921 s","Timing","Times","Time","1.200 ms (833.333 Hz)",
"38442","1.922 s","Timing","Times","Time","1.100 ms (909.091 Hz)",
"38464","1.923 s","Timing","Times","Time","1.200 ms (833.333 Hz)",
"38488","1.924 s","Timing","Times","Time","1.100 ms (909.091 Hz)",
"38510","1.925 s","Timing","Times","Time","1.200 ms (833.333 Hz)",
"38534","1.927 s","Timing","Times","Time","1.100 ms (909.091 Hz)",
"38556","1.928 s","Timing","Times","Time","1.200 ms (833.333 Hz)",
"38580","1.929 s","Timing","Times","Time","2.850 ms (350.877 Hz)",
"38637","1.932 s","Timing","Times","Time","1.200 ms (833.333 Hz)",
"38661","1.933 s","Timing","Times","Time","1.100 ms (909.091 Hz)",
"38683","1.934 s","Timing","Times","Time","1.200 ms (833.333 Hz)",
"38707","1.935 s","Timing","Times","Time","2.850 ms (350.877 Hz)",
"38764","1.938 s","Timing","Times","Time","1.150 ms (869.565 Hz)",
"38787","1.939 s","Timing","Times","Time","2.900 ms (344.828 Hz)",
"38845","1.942 s","Timing","Times","Time","1.150 ms (869.565 Hz)",
"38868","1.943 s","Timing","Times","Time","1.150 ms (869.565 Hz)",
"38891","1.945 s","Timing","Times","Time","1.150 ms (869.565 Hz)",
"38914","1.946 s","Timing","Times","Time","57.300 ms (17.452 Hz)",
"40060","2.003 s","Timing","Times","Time","2.600 ms (384.615 Hz)",
"40112","2.006 s","Timing","Times","Time","2.550 ms (392.157 Hz)",
"40163","2.008 s","Timing","Times","Time","1.150 ms (869.565 Hz)",
"40186","2.009 s","Timing","Times","Time","2.900 ms (344.828 Hz)",
"40244","2.012 s","Timing","Times","Time","1.150 ms (869.565 Hz)",
"40267","2.013 s","Timing","Times","Time","1.150 ms (869.565 Hz)",
"40290","2.014 s","Timing","Times","Time","1.150 ms (869.565 Hz)",
"40313","2.016 s","Timing","Times","Time","1.150 ms (869.565 Hz)",
"40336","2.017 s","Timing","Times","Time","1.150 ms (869.565 Hz)",
"40359","2.018 s","Timing","Times","Time","2.900 ms (344.828 Hz)",
"40417","2.021 s","Timing","Times","Time","1.150 ms (869.565 Hz)",
"40440","2.022 s","Timing","Times","Time","2.850 ms (350.877 Hz)",
"40497","2.025 s","Timing","Times","Time","1.200 ms (833.333 Hz)",
"40521","2.026 s","Timing","Times","Time","1.100 ms (909.091 Hz)",
"40543","2.027 s","Timing","Times","Time","1.200 ms (833.333 Hz)",
"40567","2.028 s","Timing","Times","Time","1.100 ms (909.091 Hz)",
"40589","2.029 s","Timing","Times","Time","1.200 ms (833.333 Hz)",
"40613","2.031 s","Timing","Times","Time","1.150 ms (869.565 Hz)",
"40636","2.032 s","Timing","Times","Time","1.150 ms (869.565 Hz)",
"40659","2.033 s","Timing","Times","Time","1.150 ms (869.565 Hz)",
"40682","2.034 s","Timing","Times","Time","1.150 ms (869.565 Hz)",
"40705","2.035 s","Timing","Times","Time","1.150 ms (869.565 Hz)",
"40728","2.036 s","Timing","Times","Time","1.150 ms (869.565 Hz)",
"40751","2.038 s","Timing","Times","Time","1.150 ms (869.565 Hz)",
"40774","2.039 s","Timing","Times","Time","1.150 ms (869.565 Hz)",
"40797","2.040 s","Timing","Times","Time","2.900 ms (344.828 Hz)",
"40855","2.043 s","Timing","Times","Time","1.150 ms (869.565 Hz)",
"40878","2.044 s","Timing","Times","Time","1.150 ms (869.565 Hz)",
"40901","2.045 s","Timing","Times","Time","1.150 ms (869.565 Hz)",
"40924","2.046 s","Timing","Times","Time","2.850 ms (350.877 Hz)",
"40981","2.049 s","Timing","Times","Time","1.200 ms (833.333 Hz)",
"41005","2.050 s","Timing","Times","Time","2.850 ms (350.877 Hz)",
"41062","2.053 s","Timing","Times","Time","1.200 ms (833.333 Hz)",
"41086","2.054 s","Timing","Times","Time","1.100 ms (909.091 Hz)",
"41108","2.055 s","Timing","Times","Time","1.200 ms (833.333 Hz)",
"41132","2.057 s","Timing","Times","Time","57.250 ms (17.467 Hz)",
"42277","2.114 s","Timing","Times","Time","2.600 ms (384.615 Hz)",
"42329","2.116 s","Timing","Times","Time","2.600 ms (384.615 Hz)",
"42381","2.119 s","Timing","Times","Time","1.150 ms (869.565 Hz)",
"42404","2.120 s","Timing","Times","Time","2.850 ms (350.877 Hz)",
"42461","2.123 s","Timing","Times","Time","1.200 ms (833.333 Hz)",
"42485","2.124 s","Timing","Times","Time","1.100 ms (909.091 Hz)",
"42507","2.125 s","Timing","Times","Time","1.200 ms (833.333 Hz)",
"42531","2.127 s","Timing","Times","Time","1.100 ms (909.091 Hz)",
"42553","2.128 s","Timing","Times","Time","1.200 ms (833.333 Hz)",
"42577","2.129 s","Timing","Times","Time","2.850 ms (350.877 Hz)",
"42634","2.132 s","Timing","Times","Time","1.200 ms (833.333 Hz)",
"42658","2.133 s","Timing","Times","Time","2.850 ms (350.877 Hz)",
"42715","2.136 s","Timing","Times","Time","1.150 ms (869.565 Hz)",
"42738","2.137 s","Timing","Times","Time","1.150 ms (869.565 Hz)",
"42761","2.138 s","Timing","Times","Time","1.150 ms (869.565 Hz)",
"42784","2.139 s","Timing","Times","Time","1.150 ms (869.565 Hz)",
"42807","2.140 s","Timing","Times","Time","1.200 ms (833.333 Hz)",
"42831","2.142 s","Timing","Times","Time","1.100 ms (909.091 Hz)",
"42853","2.143 s","Timing","Times","Time","1.200 ms (833.333 Hz)",
"42877","2.144 s","Timing","Times","Time","1.100 ms (909.091 Hz)",
"42899","2.145 s","Timing","Times","Time","1.200 ms (833.333 Hz)",
"42923","2.146 s","Timing","Times","Time","1.100 ms (909.091 Hz)",
"42945","2.147 s","Timing","Times","Time","1.200 ms (833.333 Hz)",
"42969","2.148 s","Timing","Times","Time","1.100 ms (909.091 Hz)",
"42991","2.150 s","Timing","Times","Time","1.200 ms (833.333 Hz)",
"43015","2.151 s","Timing","Times","Time","2.850 ms (350.877 Hz)",
"43072","2.154 s","Timing","Times","Time","1.200 ms (833.333 Hz)",
"43096","2.155 s","Timing","Times","Time","1.100 ms (909.091 Hz)",
"43118","2.156 s","Timing","Times","Time","1.200 ms (833.333 Hz)",
"43142","2.157 s","Timing","Times","Time","2.850 ms (350.877 Hz)",
"43199","2.160 s","Timing","Times","Time","1.150 ms (869.565 Hz)",
"43222","2.161 s","Timing","Times","Time","2.900 ms (344.828 Hz)",
"43280","2.164 s","Timing","Times","Time","1.150 ms (869.565 Hz)",
"43303","2.165 s","Timing","Times","Time","1.150 ms (869.565 Hz)",
"43326","2.166 s","Timing","Times","Time","1.150 ms (869.565 Hz)",
"43349","2.167 s","Timing","Times","Time","57.300 ms (17.452 Hz)",
"44495","2.225 s","Timing","Times","Time","2.600 ms (384.615 Hz)",
"44547","2.227 s","Timing","Times","Time","2.550 ms (392.157 Hz)",
"44598","2.230 s","Timing","Times","Time","1.200 ms (833.333 Hz)",
"44622","2.231 s","Timing","Times","Time","2.850 ms (350.877 Hz)",
"44679","2.234 s","Timing","Times","Time","1.150 ms (869.565 Hz)",
"44702","2.235 s","Timing","Times","Time","1.150 ms (869.565 Hz)",
"44725","2.236 s","Timing","Times","Time","1.150 ms (869.565 Hz)",
"44748","2.237 s","Timing","Times","Time","1.150 ms (869.565 Hz)",
"44771","2.239 s","Timing","Times","Time","1.150 ms (869.565 Hz)",
"44794","2.240 s","Timing","Times","Time","2.900 ms (344.828 Hz)",
"44852","2.243 s","Timing","Times","Time","1.150 ms (869.565 Hz)",
"44875","2.244 s","Timing","Times","Time","2.850 ms (350.877 Hz)",
"44932","2.247 s","Timing","Times","Time","1.200 ms (833.333 Hz)",
"44956","2.248 s","Timing","Times","Time","1.100 ms (909.091 Hz)",
"44978","2.249 s","Timing","Times","Time","1.200 ms (833.333 Hz)",
"45002","2.250 s","Timing","Times","Time","1.150 ms (869.565 Hz)",
"45025","2.251 s","Timing","Times","Time","1.150 ms (869.565 Hz)",
"45048","2.252 s","Timing","Times","Time","1.150 ms (869.565 Hz)",
"45071","2.254 s","Timing","Times","Time","1.150 ms (869.565 Hz)",
"45094","2.255 s","Timing","Times","Time","1.150 ms (869.565 Hz)",
"45117","2.256 s","Timing","Times","Time","1.150 ms (869.565 Hz)",
"45140","2.257 s","Timing","Times","Time","1.150 ms (869.565 Hz)",
"45163","2.258 s","Timing","Times","Time","1.150 ms (869.565 Hz)",
"45186","2.259 s","Timing","Times","Time","1.150 ms (869.565 Hz)",
"45209","2.260 s","Timing","Times","Time","1.150 ms (869.565 Hz)",
"45232","2.262 s","Timing","Times","Time","2.900 ms (344.828 Hz)",
"45290","2.264 s","Timing","Times","Time","1.150 ms (869.565 Hz)",
"45313","2.266 s","Timing","Times","Time","1.150 ms (869.565 Hz)",
"45336","2.267 s","Timing","Times","Time","1.150 ms (869.565 Hz)",
"45359","2.268 s","Timing","Times","Time","2.850 ms (350.877 Hz)",
"45416","2.271 s","Timing","Times","Time","1.200 ms (833.333 Hz)",
"45440","2.272 s","Timing","Times","Time","2.850 ms (350.877 Hz)",
"45497","2.275 s","Timing","Times","Time","1.200 ms (833.333 Hz)",
"45521","2.276 s","Timing","Times","Time","1.100 ms (909.091 Hz)",
"45543","2.277 s","Timing","Times","Time","1.200 ms (833.333 Hz)",
"45567","2.278 s","Timing","Times","Time","57.250 ms (17.467 Hz)",
"46712","2.336 s","Timing","Times","Time","2.600 ms (384.615 Hz)",
"46764","2.338 s","Timing","Times","Time","2.600 ms (384.615 Hz)",
"46816","2.341 s","Timing","Times","Time","1.150 ms (869.565 Hz)",
"46839","2.342 s","Timing","Times","Time","2.850 ms (350.877 Hz)",
"46896","2.345 s","Timing","Times","Time","1.200 ms (833.333 Hz)",
"46920","2.346 s","Timing","Times","Time","1.100 ms (909.091 Hz)",
"46942","2.347 s","Timing","Times","Time","1.200 ms (833.333 Hz)",
"46966","2.348 s","Timing","Times","Time","1.150 ms (869.565 Hz)",
"46989","2.349 s","Timing","Times","Time","1.150 ms (869.565 Hz)",
"47012","2.351 s","Timing","Times","Time","2.850 ms (350.877 Hz)",
"47069","2.353 s","Timing","Times","Time","1.200 ms (833.333 Hz)",
"47093","2.355 s","Timing","Times","Time","2.850 ms (350.877 Hz)",
"47150","2.357 s","Timing","Times","Time","1.150 ms (869.565 Hz)",
"47173","2.359 s","Timing","Times","Time","1.150 ms (869.565 Hz)",
"47196","2.360 s","Timing","Times","Time","1.150 ms (869.565 Hz)",
"47219","2.361 s","Timing","Times","Time","1.150 ms (869.565 Hz)",
"47242","2.362 s","Timing","Times","Time","1.150 ms (869.565 Hz)",
"47265","2.363 s","Timing","Times","Time","1.150 ms (869.565 Hz)",
"47288","2.364 s","Timing","Times","Time","1.200 ms (833.333 Hz)",
"47312","2.366 s","Timing","Times","Time","1.100 ms (909.091 Hz)",
"47334","2.367 s","Timing","Times","Time","1.200 ms (833.333 Hz)",
"47358","2.368 s","Timing","Times","Time","1.100 ms (909.091 Hz)",
"47380","2.369 s","Timing","Times","Time","1.200 ms (833.333 Hz)",
"47404","2.370 s","Timing","Times","Time","1.150 ms (869.565 Hz)",
"47427","2.371 s","Timing","Times","Time","1.150 ms (869.565 Hz)",
"47450","2.373 s","Timing","Times","Time","2.850 ms (350.877 Hz)",
"47507","2.375 s","Timing","Times","Time","1.200 ms (833.333 Hz)",
"47531","2.377 s","Timing","Times","Time","1.100 ms (909.091 Hz)",
"47553","2.378 s","Timing","Times","Time","1.200 ms (833.333 Hz)",
"47577","2.379 s","Timing","Times","Time","2.850 ms (350.877 Hz)",
"47634","2.382 s","Timing","Times","Time","1.150 ms (869.565 Hz)",
"47657","2.383 s","Timing","Times","Time","2.900 ms (344.828 Hz)",
"47715","2.386 s","Timing","Times","Time","1.150 ms (869.565 Hz)",
"47738","2.387 s","Timing","Times","Time","1.150 ms (869.565 Hz)",
"47761","2.388 s","Timing","Times","Time","1.150 ms (869.565 Hz)",
"47784","2.389 s","Timing","Times","Time","57.300 ms (17.452 Hz)",
"48930","2.446 s","Timing","Times","Time","2.600 ms (384.615 Hz)",
"48982","2.449 s","Timing","Times","Time","2.550 ms (392.157 Hz)",
"49033","2.452 s","Timing","Times","Time","1.150 ms (869.565 Hz)",
"49056","2.453 s","Timing","Times","Time","2.900 ms (344.828 Hz)",
"49114","2.456 s","Timing","Times","Time","1.150 ms (869.565 Hz)",
"49137","2.457 s","Timing","Times","Time","1.150 ms (869.565 Hz)",
"49160","2.458 s","Timing","Times","Time","1.150 ms (869.565 Hz)",
"49183","2.459 s","Timing","Times","Time","1.150 ms (869.565 Hz)",
"49206","2.460 s","Timing","Times","Time","1.150 ms (869.565 Hz)",
"49229","2.461 s","Timing","Times","Time","2.900 ms (344.828 Hz)",
"49287","2.464 s","Timing","Times","Time","1.150 ms (869.565 Hz)",
"49310","2.466 s","Timing","Times","Time","2.850 ms (350.877 Hz)",
"49367","2.468 s","Timing","Times","Time","1.200 ms (833.333 Hz)",
"49391","2.470 s","Timing","Times","Time","1.150 ms (869.565 Hz)",
"49414","2.471 s","Timing","Times","Time","1.150 ms (869.565 Hz)",
"49437","2.472 s","Timing","Times","Time","1.150 ms (869.565 Hz)",
"49460","2.473 s","Timing","Times","Time","1.150 ms (869.565 Hz)",
"49483","2.474 s","Timing","Times","Time","1.150 ms (869.565 Hz)",
"49506","2.475 s","Timing","Times","Time","1.150 ms (869.565 Hz)",
"49529","2.476 s","Timing","Times","Time","1.150 ms (869.565 Hz)",
"49552","2.478 s","Timing","Times","Time","1.150 ms (869.565 Hz)",
"49575","2.479 s","Timing","Times","Time","1.150 ms (869.565 Hz)",
"49598","2.480 s","Timing","Times","Time","1.150 ms (869.565 Hz)",
"49621","2.481 s","Timing","Times","Time","1.150 ms (869.565 Hz)",
"49644","2.482 s","Timing","Times","Time","1.150 ms (869.565 Hz)",
"49667","2.483 s","Timing","Times","Time","2.900 ms (344.828 Hz)",
"49725","2.486 s","Timing","Times","Time","1.150 ms (869.565 Hz)",
"49748","2.487 s","Timing","Times","Time","1.150 ms (869.565 Hz)",
"49771","2.489 s","Timing","Times","Time","1.150 ms (869.565 Hz)",
"49794","2.490 s","Timing","Times","Time","2.900 ms (344.828 Hz)",
"49852","2.493 s","Timing","Times","Time","1.150 ms (869.565 Hz)",
"49875","2.494 s","Timing","Times","Time","2.850 ms (350.877 Hz)",
"49932","2.497 s","Timing","Times","Time","1.150 ms (869.565 Hz)",
"49955","2.498 s","Timing","Times","Time","1.150 ms (869.565 Hz)",
"49978","2.499 s","Timing","Times","Time","1.200 ms (833.333 Hz)",
"50002","2.500 s","Timing","Times","Time","57.250 ms (17.467 Hz)",
"51147","2.557 s","Timing","Times","Time","2.600 ms (384.615 Hz)",
"51199","2.560 s","Timing","Times","Time","2.600 ms (384.615 Hz)",
"51251","2.563 s","Timing","Times","Time","1.150 ms (869.565 Hz)",
"51274","2.564 s","Timing","Times","Time","2.850 ms (350.877 Hz)",
"51331","2.567 s","Timing","Times","Time","1.200 ms (833.333 Hz)",
"51355","2.568 s","Timing","Times","Time","1.100 ms (909.091 Hz)",
"51377","2.569 s","Timing","Times","Time","1.200 ms (833.333 Hz)",
"51401","2.570 s","Timing","Times","Time","1.150 ms (869.565 Hz)",
"51424","2.571 s","Timing","Times","Time","1.100 ms (909.091 Hz)",
"51446","2.572 s","Timing","Times","Time","2.900 ms (344.828 Hz)",
"51504","2.575 s","Timing","Times","Time","1.150 ms (869.565 Hz)",
"51527","2.576 s","Timing","Times","Time","2.900 ms (344.828 Hz)",
"51585","2.579 s","Timing","Times","Time","1.150 ms (869.565 Hz)",
"51608","2.580 s","Timing","Times","Time","1.150 ms (869.565 Hz)",
"51631","2.582 s","Timing","Times","Time","1.150 ms (869.565 Hz)",
"51654","2.583 s","Timing","Times","Time","1.150 ms (869.565 Hz)",
"51677","2.584 s","Timing","Times","Time","1.150 ms (869.565 Hz)",
"51700","2.585 s","Timing","Times","Time","1.150 ms (869.565 Hz)",
"51723","2.586 s","Timing","Times","Time","1.150 ms (869.565 Hz)",
"51746","2.587 s","Timing","Times","Time","1.150 ms (869.565 Hz)",
"51769","2.588 s","Timing","Times","Time","1.150 ms (869.565 Hz)",
"51792","2.590 s","Timing","Times","Time","1.150 ms (869.565 Hz)",
"51815","2.591 s","Timing","Times","Time","1.150 ms (869.565 Hz)",
"51838","2.592 s","Timing","Times","Time","1.200 ms (833.333 Hz)",
"51862","2.593 s","Timing","Times","Time","1.100 ms (909.091 Hz)",
"51884","2.594 s","Timing","Times","Time","2.900 ms (344.828 Hz)",
"51942","2.597 s","Timing","Times","Time","1.150 ms (869.565 Hz)",
"51965","2.598 s","Timing","Times","Time","1.150 ms (869.565 Hz)",
"51988","2.599 s","Timing","Times","Time","1.150 ms (869.565 Hz)",
"52011","2.601 s","Timing","Times","Time","2.900 ms (344.828 Hz)",
"52069","2.603 s","Timing","Times","Time","1.150 ms (869.565 Hz)",
"52092","2.605 s","Timing","Times","Time","2.900 ms (344.828 Hz)",
"52150","2.607 s","Timing","Times","Time","1.100 ms (909.091 Hz)",
"52172","2.609 s","Timing","Times","Time","1.200 ms (833.333 Hz)",
"52196","2.610 s","Timing","Times","Time","1.150 ms (869.565 Hz)",
"52219","2.611 s","Timing","Times","Time","57.300 ms (17.452 Hz)",
"53365","2.668 s","Timing","Times","Time","2.550 ms (392.157 Hz)",
"53416","2.671 s","Timing","Times","Time","2.600 ms (384.615 Hz)",
"53468","2.673 s","Timing","Times","Time","1.150 ms (869.565 Hz)",
"53491","2.675 s","Timing","Times","Time","2.900 ms (344.828 Hz)",
"53549","2.677 s","Timing","Times","Time","1.150 ms (869.565 Hz)",
"53572","2.679 s","Timing","Times","Time","1.150 ms (869.565 Hz)",
"53595","2.680 s","Timing","Times","Time","1.150 ms (869.565 Hz)",
"53618","2.681 s","Timing","Times","Time","1.150 ms (869.565 Hz)",
"53641","2.682 s","Timing","Times","Time","1.150 ms (869.565 Hz)",
"53664","2.683 s","Timing","Times","Time","2.900 ms (344.828 Hz)",
"53722","2.686 s","Timing","Times","Time","1.150 ms (869.565 Hz)",
"53745","2.687 s","Timing","Times","Time","2.850 ms (350.877 Hz)",
"53802","2.690 s","Timing","Times","Time","1.150 ms (869.565 Hz)",
"53825","2.691 s","Timing","Times","Time","1.200 ms (833.333 Hz)",
"53849","2.692 s","Timing","Times","Time","1.100 ms (909.091 Hz)",
"53871","2.694 s","Timing","Times","Time","1.200 ms (833.333 Hz)",
"53895","2.695 s","Timing","Times","Time","1.100 ms (909.091 Hz)",
"53917","2.696 s","Timing","Times","Time","1.200 ms (833.333 Hz)",
"53941","2.697 s","Timing","Times","Time","1.150 ms (869.565 Hz)",
"53964","2.698 s","Timing","Times","Time","1.150 ms (869.565 Hz)",
"53987","2.699 s","Timing","Times","Time","1.150 ms (869.565 Hz)",
"54010","2.700 s","Timing","Times","Time","1.150 ms (869.565 Hz)",
"54033","2.702 s","Timing","Times","Time","1.150 ms (869.565 Hz)",
"54056","2.703 s","Timing","Times","Time","1.150 ms (869.565 Hz)",
"54079","2.704 s","Timing","Times","Time","1.150 ms (869.565 Hz)",
"54102","2.705 s","Timing","Times","Time","2.900 ms (344.828 Hz)",
"54160","2.708 s","Timing","Times","Time","1.150 ms (869.565 Hz)",
"54183","2.709 s","Timing","Times","Time","1.150 ms (869.565 Hz)",
"54206","2.710 s","Timing","Times","Time","1.150 ms (869.565 Hz)",
"54229","2.711 s","Timing","Times","Time","2.900 ms (344.828 Hz)",
"54287","2.714 s","Timing","Times","Time","1.100 ms (909.091 Hz)",
"54309","2.715 s","Timing","Times","Time","2.950 ms (338.983 Hz)",
"54368","2.718 s","Timing","Times","Time","1.100 ms (909.091 Hz)",
"54390","2.720 s","Timing","Times","Time","1.200 ms (833.333 Hz)",
"54414","2.721 s","Timing","Times","Time","1.100 ms (909.091 Hz)",
"54436","2.722 s","Timing","Times","Time","57.350 ms (17.437 Hz)",
"55583","2.779 s","Timing","Times","Time","2.550 ms (392.157 Hz)",
"55634","2.782 s","Timing","Times","Time","2.600 ms (384.615 Hz)",
"55686","2.784 s","Timing","Times","Time","1.100 ms (909.091 Hz)",
"55708","2.785 s","Timing","Times","Time","2.950 ms (338.983 Hz)",
"55767","2.788 s","Timing","Times","Time","1.100 ms (909.091 Hz)",
"55789","2.789 s","Timing","Times","Time","1.200 ms (833.333 Hz)",
"55813","2.791 s","Timing","Times","Time","1.100 ms (909.091 Hz)",
"55835","2.792 s","Timing","Times","Time","1.200 ms (833.333 Hz)",
"55859","2.793 s","Timing","Times","Time","1.100 ms (909.091 Hz)",
"55881","2.794 s","Timing","Times","Time","2.950 ms (338.983 Hz)",
"55940","2.797 s","Timing","Times","Time","1.100 ms (909.091 Hz)",
"55962","2.798 s","Timing","Times","Time","2.900 ms (344.828 Hz)",
"56020","2.801 s","Timing","Times","Time","1.150 ms (869.565 Hz)",
"56043","2.802 s","Timing","Times","Time","1.200 ms (833.333 Hz)",
"56067","2.803 s","Timing","Times","Time","1.100 ms (909.091 Hz)",
"56089","2.804 s","Timing","Times","Time","1.200 ms (833.333 Hz)",
"56113","2.806 s","Timing","Times","Time","1.100 ms (909.091 Hz)",
"56135","2.807 s","Timing","Times","Time","1.200 ms (833.333 Hz)",
"56159","2.808 s","Timing","Times","Time","1.100 ms (909.091 Hz)",
"56181","2.809 s","Timing","Times","Time","1.200 ms (833.333 Hz)",
"56205","2.810 s","Timing","Times","Time","1.100 ms (909.091 Hz)",
"56227","2.811 s","Timing","Times","Time","1.200 ms (833.333 Hz)",
"56251","2.813 s","Timing","Times","Time","1.100 ms (909.091 Hz)",
"56273","2.814 s","Timing","Times","Time","1.200 ms (833.333 Hz)",
"56297","2.815 s","Timing","Times","Time","1.100 ms (909.091 Hz)",
"56319","2.816 s","Timing","Times","Time","2.950 ms (338.983 Hz)",
"56378","2.819 s","Timing","Times","Time","1.100 ms (909.091 Hz)",
"56400","2.820 s","Timing","Times","Time","1.200 ms (833.333 Hz)",
"56424","2.821 s","Timing","Times","Time","1.100 ms (909.091 Hz)",
"56446","2.822 s","Timing","Times","Time","2.950 ms (338.983 Hz)",
"56505","2.825 s","Timing","Times","Time","1.100 ms (909.091 Hz)",
"56527","2.826 s","Timing","Times","Time","2.900 ms (344.828 Hz)",
"56585","2.829 s","Timing","Times","Time","1.100 ms (909.091 Hz)",
"56607","2.830 s","Timing","Times","Time","1.200 ms (833.333 Hz)",
"56631","2.832 s","Timing","Times","Time","1.150 ms (869.565 Hz)",
"56654","2.833 s","Timing","Times","Time","57.350 ms (17.437 Hz)",
"57801","2.890 s","Timing","Times","Time","2.500 ms (400.000 Hz)",
"57851","2.893 s","Timing","Times","Time","2.650 ms (377.358 Hz)",
"57904","2.895 s","Timing","Times","Time","1.100 ms (909.091 Hz)",
"57926","2.896 s","Timing","Times","Time","2.900 ms (344.828 Hz)",
"57984","2.899 s","Timing","Times","Time","1.150 ms (869.565 Hz)",
"58007","2.900 s","Timing","Times","Time","1.200 ms (833.333 Hz)",
"58031","2.902 s","Timing","Times","Time","1.100 ms (909.091 Hz)",
"58053","2.903 s","Timing","Times","Time","1.200 ms (833.333 Hz)",
"58077","2.904 s","Timing","Times","Time","1.100 ms (909.091 Hz)",
"58099","2.905 s","Timing","Times","Time","2.900 ms (344.828 Hz)",
"58157","2.908 s","Timing","Times","Time","1.100 ms (909.091 Hz)",
"58179","2.909 s","Timing","Times","Time","2.950 ms (338.983 Hz)",
"58238","2.912 s","Timing","Times","Time","1.100 ms (909.091 Hz)",
"58260","2.913 s","Timing","Times","Time","1.200 ms (833.333 Hz)",
"58284","2.914 s","Timing","Times","Time","1.100 ms (909.091 Hz)",
"58306","2.915 s","Timing","Times","Time","1.200 ms (833.333 Hz)",
"58330","2.917 s","Timing","Times","Time","1.100 ms (909.091 Hz)",
"58352","2.918 s","Timing","Times","Time","1.200 ms (833.333 Hz)",
"58376","2.919 s","Timing","Times","Time","1.100 ms (909.091 Hz)",
"58398","2.920 s","Timing","Times","Time","1.200 ms (833.333 Hz)",
"58422","2.921 s","Timing","Times","Time","1.150 ms (869.565 Hz)",
"58445","2.922 s","Timing","Times","Time","1.200 ms (833.333 Hz)",
"58469","2.923 s","Timing","Times","Time","1.100 ms (909.091 Hz)",
"58491","2.925 s","Timing","Times","Time","1.200 ms (833.333 Hz)",
"58515","2.926 s","Timing","Times","Time","1.100 ms (909.091 Hz)",
"58537","2.927 s","Timing","Times","Time","2.900 ms (344.828 Hz)",
"58595","2.930 s","Timing","Times","Time","1.100 ms (909.091 Hz)",
"58617","2.931 s","Timing","Times","Time","1.200 ms (833.333 Hz)",
"58641","2.932 s","Timing","Times","Time","1.150 ms (869.565 Hz)",
"58664","2.933 s","Timing","Times","Time","2.900 ms (344.828 Hz)",
"58722","2.936 s","Timing","Times","Time","1.100 ms (909.091 Hz)",
"58744","2.937 s","Timing","Times","Time","2.950 ms (338.983 Hz)",
"58803","2.940 s","Timing","Times","Time","1.100 ms (909.091 Hz)",
"58825","2.941 s","Timing","Times","Time","1.200 ms (833.333 Hz)",
"58849","2.942 s","Timing","Times","Time","1.100 ms (909.091 Hz)",
"58871","2.944 s","Timing","Times","Time","57.350 ms (17.437 Hz)",
"60018","3.001 s","Timing","Times","Time","2.550 ms (392.157 Hz)",
"60069","3.003 s","Timing","Times","Time","2.600 ms (384.615 Hz)",
"60121","3.006 s","Timing","Times","Time","1.100 ms (909.091 Hz)",
"60143","3.007 s","Timing","Times","Time","2.950 ms (338.983 Hz)",
"60202","3.010 s","Timing","Times","Time","1.100 ms (909.091 Hz)",
"60224","3.011 s","Timing","Times","Time","1.200 ms (833.333 Hz)",
"60248","3.012 s","Timing","Times","Time","1.100 ms (909.091 Hz)",
"60270","3.014 s","Timing","Times","Time","1.200 ms (833.333 Hz)",
"60294","3.015 s","Timing","Times","Time","1.100 ms (909.091 Hz)",
"60316","3.016 s","Timing","Times","Time","2.950 ms (338.983 Hz)",
"60375","3.019 s","Timing","Times","Time","1.100 ms (909.091 Hz)",
"60397","3.020 s","Timing","Times","Time","2.950 ms (338.983 Hz)",
"60456","3.023 s","Timing","Times","Time","1.100 ms (909.091 Hz)",
"60478","3.024 s","Timing","Times","Time","1.200 ms (833.333 Hz)",
"60502","3.025 s","Timing","Times","Time","1.100 ms (909.091 Hz)",
"60524","3.026 s","Timing","Times","Time","1.200 ms (833.333 Hz)",
"60548","3.027 s","Timing","Times","Time","1.100 ms (909.091 Hz)",
"60570","3.029 s","Timing","Times","Time","1.200 ms (833.333 Hz)",
"60594","3.030 s","Timing","Times","Time","1.100 ms (909.091 Hz)",
"60616","3.031 s","Timing","Times","Time","1.200 ms (833.333 Hz)",
"60640","3.032 s","Timing","Times","Time","1.100 ms (909.091 Hz)",
"60662","3.033 s","Timing","Times","Time","1.200 ms (833.333 Hz)",
"60686","3.034 s","Timing","Times","Time","1.100 ms (909.091 Hz)",
"60708","3.035 s","Timing","Times","Time","1.200 ms (833.333 Hz)",
"60732","3.037 s","Timing","Times","Time","1.100 ms (909.091 Hz)",
"60754","3.038 s","Timing","Times","Time","2.950 ms (338.983 Hz)",
"60813","3.041 s","Timing","Times","Time","1.100 ms (909.091 Hz)",
"60835","3.042 s","Timing","Times","Time","1.200 ms (833.333 Hz)",
"60859","3.043 s","Timing","Times","Time","1.100 ms (909.091 Hz)",
"60881","3.044 s","Timing","Times","Time","2.950 ms (338.983 Hz)",
"60940","3.047 s","Timing","Times","Time","1.100 ms (909.091 Hz)",
"60962","3.048 s","Timing","Times","Time","2.900 ms (344.828 Hz)",
"61020","3.051 s","Timing","Times","Time","1.100 ms (909.091 Hz)",
"61042","3.052 s","Timing","Times","Time","1.200 ms (833.333 Hz)",
"61066","3.053 s","Timing","Times","Time","1.150 ms (869.565 Hz)",
"61089","3.054 s","Timing","Times","Time","57.350 ms (17.437 Hz)",
"62236","3.112 s","Timing","Times","Time","2.500 ms (400.000 Hz)",
"62286","3.114 s","Timing","Times","Time","2.650 ms (377.358 Hz)",
"62339","3.117 s","Timing","Times","Time","1.100 ms (909.091 Hz)",
"62361","3.118 s","Timing","Times","Time","2.950 ms (338.983 Hz)",
"62420","3.121 s","Timing","Times","Time","1.100 ms (909.091 Hz)",
"62442","3.122 s","Timing","Times","Time","1.200 ms (833.333 Hz)",
"62466","3.123 s","Timing","Times","Time","1.100 ms (909.091 Hz)",
"62488","3.124 s","Timing","Times","Time","1.200 ms (833.333 Hz)",
"62512","3.126 s","Timing","Times","Time","1.100 ms (909.091 Hz)",
"62534","3.127 s","Timing","Times","Time","2.900 ms (344.828 Hz)",
"62592","3.130 s","Timing","Times","Time","1.150 ms (869.565 Hz)",
"62615","3.131 s","Timing","Times","Time","2.900 ms (344.828 Hz)",
"62673","3.134 s","Timing","Times","Time","1.100 ms (909.091 Hz)",
"62695","3.135 s","Timing","Times","Time","1.200 ms (833.333 Hz)",
"62719","3.136 s","Timing","Times","Time","1.100 ms (909.091 Hz)",
"62741","3.137 s","Timing","Times","Time","1.200 ms (833.333 Hz)",
"62765","3.138 s","Timing","Times","Time","1.100 ms (909.091 Hz)",
"62787","3.139 s","Timing","Times","Time","1.200 ms (833.333 Hz)",
"62811","3.141 s","Timing","Times","Time","1.150 ms (869.565 Hz)",
"62834","3.142 s","Timing","Times","Time","1.200 ms (833.333 Hz)",
"62858","3.143 s","Timing","Times","Time","1.100 ms (909.091 Hz)",
"62880","3.144 s","Timing","Times","Time","1.200 ms (833.333 Hz)",
"62904","3.145 s","Timing","Times","Time","1.100 ms (909.091 Hz)",
"62926","3.146 s","Timing","Times","Time","1.200 ms (833.333 Hz)",
"62950","3.147 s","Timing","Times","Time","1.100 ms (909.091 Hz)",
"62972","3.149 s","Timing","Times","Time","2.900 ms (344.828 Hz)",
"63030","3.151 s","Timing","Times","Time","1.150 ms (869.565 Hz)",
"63053","3.153 s","Timing","Times","Time","1.200 ms (833.333 Hz)",
"63077","3.154 s","Timing","Times","Time","1.100 ms (909.091 Hz)",
"63099","3.155 s","Timing","Times","Time","2.900 ms (344.828 Hz)",
"63157","3.158 s","Timing","Times","Time","1.100 ms (909.091 Hz)",
"63179","3.159 s","Timing","Times","Time","2.950 ms (338.983 Hz)",
"63238","3.162 s","Timing","Times","Time","1.100 ms (909.091 Hz)",
"63260","3.163 s","Timing","Times","Time","1.200 ms (833.333 Hz)",
"63284","3.164 s","Timing","Times","Time","1.100 ms (909.091 Hz)",
"63306","3.165 s","Timing","Times","Time","57.350 ms (17.437 Hz)",
"64453","3.223 s","Timing","Times","Time","2.550 ms (392.157 Hz)",
"64504","3.225 s","Timing","Times","Time","2.600 ms (384.615 Hz)",
"64556","3.228 s","Timing","Times","Time","1.150 ms (869.565 Hz)",
"64579","3.229 s","Timing","Times","Time","2.900 ms (344.828 Hz)",
"64637","3.232 s","Timing","Times","Time","1.100 ms (909.091 Hz)",
"64659","3.233 s","Timing","Times","Time","1.200 ms (833.333 Hz)",
"64683","3.234 s","Timing","Times","Time","1.100 ms (909.091 Hz)",
"64705","3.235 s","Timing","Times","Time","1.200 ms (833.333 Hz)",
"64729","3.236 s","Timing","Times","Time","1.100 ms (909.091 Hz)",
"64751","3.238 s","Timing","Times","Time","2.950 ms (338.983 Hz)",
"64810","3.240 s","Timing","Times","Time","1.100 ms (909.091 Hz)",
"64832","3.242 s","Timing","Times","Time","2.950 ms (338.983 Hz)",
"64891","3.245 s","Timing","Times","Time","1.100 ms (909.091 Hz)",
"64913","3.246 s","Timing","Times","Time","1.200 ms (833.333 Hz)",
"64937","3.247 s","Timing","Times","Time","1.100 ms (909.091 Hz)",
"64959","3.248 s","Timing","Times","Time","1.200 ms (833.333 Hz)",
"64983","3.249 s","Timing","Times","Time","1.100 ms (909.091 Hz)",
"65005","3.250 s","Timing","Times","Time","1.200 ms (833.333 Hz)",
"65029","3.251 s","Timing","Times","Time","1.100 ms (909.091 Hz)",
"65051","3.253 s","Timing","Times","Time","1.200 ms (833.333 Hz)",
"65075","3.254 s","Timing","Times","Time","1.100 ms (909.091 Hz)",
"65097","3.255 s","Timing","Times","Time","1.200 ms (833.333 Hz)",
"65121","3.256 s","Timing","Times","Time","1.100 ms (909.091 Hz)",
"65143","3.257 s","Timing","Times","Time","1.200 ms (833.333 Hz)",
"65167","3.258 s","Timing","Times","Time","1.100 ms (909.091 Hz)",
"65189","3.259 s","Timing","Times","Time","2.950 ms (338.983 Hz)",
"65248","3.262 s","Timing","Times","Time","1.100 ms (909.091 Hz)",
"65270","3.264 s","Timing","Times","Time","1.200 ms (833.333 Hz)",
"65294","3.265 s","Timing","Times","Time","1.100 ms (909.091 Hz)",
"65316","3.266 s","Timing","Times","Time","2.950 ms (338.983 Hz)",
"65375","3.269 s","Timing","Times","Time","1.100 ms (909.091 Hz)",
"65397","3.270 s","Timing","Times","Time","2.900 ms (344.828 Hz)",
"65455","3.273 s","Timing","Times","Time","1.150 ms (869.565 Hz)",
"65478","3.274 s","Timing","Times","Time","1.200 ms (833.333 Hz)",
"65502","3.275 s","Timing","Times","Time","1.100 ms (909.091 Hz)",
"65524","3.276 s","Timing","Times","Time","57.350 ms (17.437 Hz)",
"66671","3.334 s","Timing","Times","Time","2.500 ms (400.000 Hz)",
"66721","3.336 s","Timing","Times","Time","2.650 ms (377.358 Hz)",
"66774","3.339 s","Timing","Times","Time","1.100 ms (909.091 Hz)",
"66796","3.340 s","Timing","Times","Time","2.950 ms (338.983 Hz)",
"66855","3.343 s","Timing","Times","Time","1.100 ms (909.091 Hz)",
"66877","3.344 s","Timing","Times","Time","1.200 ms (833.333 Hz)",
"66901","3.345 s","Timing","Times","Time","1.100 ms (909.091 Hz)",
"66923","3.346 s","Timing","Times","Time","1.200 ms (833.333 Hz)",
"66947","3.347 s","Timing","Times","Time","1.100 ms (909.091 Hz)",
"66969","3.348 s","Timing","Times","Time","2.900 ms (344.828 Hz)",
"67027","3.351 s","Timing","Times","Time","1.150 ms (869.565 Hz)",
"67050","3.353 s","Timing","Times","Time","2.900 ms (344.828 Hz)",
"67108","3.355 s","Timing","Times","Time","1.100 ms (909.091 Hz)",
"67130","3.357 s","Timing","Times","Time","1.200 ms (833.333 Hz)",
"67154","3.358 s","Timing","Times","Time","1.100 ms (909.091 Hz)",
"67176","3.359 s","Timing","Times","Time","1.200 ms (833.333 Hz)",
"67200","3.360 s","Timing","Times","Time","1.150 ms (869.565 Hz)",
"67223","3.361 s","Timing","Times","Time","1.200 ms (833.333 Hz)",
"67247","3.362 s","Timing","Times","Time","1.100 ms (909.091 Hz)",
"67269","3.363 s","Timing","Times","Time","1.200 ms (833.333 Hz)",
"67293","3.365 s","Timing","Times","Time","1.100 ms (909.091 Hz)",
"67315","3.366 s","Timing","Times","Time","1.200 ms (833.333 Hz)",
"67339","3.367 s","Timing","Times","Time","1.100 ms (909.091 Hz)",
"67361","3.368 s","Timing","Times","Time","1.200 ms (833.333 Hz)",
"67385","3.369 s","Timing","Times","Time","1.100 ms (909.091 Hz)",
"67407","3.370 s","Timing","Times","Time","2.950 ms (338.983 Hz)",
"67466","3.373 s","Timing","Times","Time","1.100 ms (909.091 Hz)",
"67488","3.374 s","Timing","Times","Time","1.200 ms (833.333 Hz)",
"67512","3.376 s","Timing","Times","Time","1.100 ms (909.091 Hz)",
"67534","3.377 s","Timing","Times","Time","2.900 ms (344.828 Hz)",
"67592","3.380 s","Timing","Times","Time","1.100 ms (909.091 Hz)",
"67614","3.381 s","Timing","Times","Time","2.950 ms (338.983 Hz)",
"67673","3.384 s","Timing","Times","Time","1.100 ms (909.091 Hz)",
"67695","3.385 s","Timing","Times","Time","1.200 ms (833.333 Hz)",
"67719","3.386 s","Timing","Times","Time","1.100 ms (909.091 Hz)",
"67741","3.387 s","Timing","Times","Time","57.350 ms (17.437 Hz)",
"68888","3.444 s","Timing","Times","Time","2.550 ms (392.157 Hz)",
"68939","3.447 s","Timing","Times","Time","2.600 ms (384.615 Hz)",
"68991","3.450 s","Timing","Times","Time","1.150 ms (869.565 Hz)",
"69014","3.451 s","Timing","Times","Time","2.900 ms (344.828 Hz)",
"69072","3.454 s","Timing","Times","Time","1.100 ms (909.091 Hz)",
"69094","3.455 s","Timing","Times","Time","1.200 ms (833.333 Hz)",
"69118","3.456 s","Timing","Times","Time","1.100 ms (909.091 Hz)",
"69140","3.457 s","Timing","Times","Time","1.200 ms (833.333 Hz)",
"69164","3.458 s","Timing","Times","Time","1.100 ms (909.091 Hz)",
"69186","3.459 s","Timing","Times","Time","2.950 ms (338.983 Hz)",
"69245","3.462 s","Timing","Times","Time","1.100 ms (909.091 Hz)",
"69267","3.463 s","Timing","Times","Time","2.950 ms (338.983 Hz)",
"69326","3.466 s","Timing","Times","Time","1.100 ms (909.091 Hz)",
"69348","3.467 s","Timing","Times","Time","1.200 ms (833.333 Hz)",
"69372","3.469 s","Timing","Times","Time","1.100 ms (909.091 Hz)",
"69394","3.470 s","Timing","Times","Time","1.200 ms (833.333 Hz)",
"69418","3.471 s","Timing","Times","Time","1.100 ms (909.091 Hz)",
"69440","3.472 s","Timing","Times","Time","1.200 ms (833.333 Hz)",
"69464","3.473 s","Timing","Times","Time","1.100 ms (909.091 Hz)",
"69486","3.474 s","Timing","Times","Time","1.200 ms (833.333 Hz)",
"69510","3.475 s","Timing","Times","Time","1.100 ms (909.091 Hz)",
"69532","3.477 s","Timing","Times","Time","1.200 ms (833.333 Hz)",
"69556","3.478 s","Timing","Times","Time","1.100 ms (909.091 Hz)",
"69578","3.479 s","Timing","Times","Time","1.200 ms (833.333 Hz)",
"69602","3.480 s","Timing","Times","Time","1.100 ms (909.091 Hz)",
"69624","3.481 s","Timing","Times","Time","2.950 ms (338.983 Hz)",
"69683","3.484 s","Timing","Times","Time","1.100 ms (909.091 Hz)",
"69705","3.485 s","Timing","Times","Time","1.200 ms (833.333 Hz)",
"69729","3.486 s","Timing","Times","Time","1.100 ms (909.091 Hz)",
"69751","3.488 s","Timing","Times","Time","2.950 ms (338.983 Hz)",
"69810","3.490 s","Timing","Times","Time","1.100 ms (909.091 Hz)",
"69832","3.492 s","Timing","Times","Time","2.950 ms (338.983 Hz)",
"69891","3.495 s","Timing","Times","Time","1.100 ms (909.091 Hz)",
"69913","3.496 s","Timing","Times","Time","1.200 ms (833.333 Hz)",
"69937","3.497 s","Timing","Times","Time","1.100 ms (909.091 Hz)",
"69959","3.498 s","Timing","Times","Time","57.350 ms (17.437 Hz)",
"71106","3.555 s","Timing","Times","Time","2.500 ms (400.000 Hz)",
"71156","3.558 s","Timing","Times","Time","2.650 ms (377.358 Hz)",
"71209","3.560 s","Timing","Times","Time","1.100 ms (909.091 Hz)",
"71231","3.562 s","Timing","Times","Time","2.950 ms (338.983 Hz)",
"71290","3.564 s","Timing","Times","Time","1.100 ms (909.091 Hz)",
"71312","3.566 s","Timing","Times","Time","1.200 ms (833.333 Hz)",
"71336","3.567 s","Timing","Times","Time","1.100 ms (909.091 Hz)",
"71358","3.568 s","Timing","Times","Time","1.200 ms (833.333 Hz)",
"71382","3.569 s","Timing","Times","Time","1.100 ms (909.091 Hz)",
"71404","3.570 s","Timing","Times","Time","2.950 ms (338.983 Hz)",
"71463","3.573 s","Timing","Times","Time","1.100 ms (909.091 Hz)",
"71485","3.574 s","Timing","Times","Time","2.900 ms (344.828 Hz)",
"71543","3.577 s","Timing","Times","Time","1.100 ms (909.091 Hz)",
"71565","3.578 s","Timing","Times","Time","1.200 ms (833.333 Hz)",
"71589","3.579 s","Timing","Times","Time","1.100 ms (909.091 Hz)",
"71611","3.581 s","Timing","Times","Time","1.200 ms (833.333 Hz)",
"71635","3.582 s","Timing","Times","Time","1.150 ms (869.565 Hz)",
"71658","3.583 s","Timing","Times","Time","1.200 ms (833.333 Hz)",
"71682","3.584 s","Timing","Times","Time","1.100 ms (909.091 Hz)",
"71704","3.585 s","Timing","Times","Time","1.200 ms (833.333 Hz)",
"71728","3.586 s","Timing","Times","Time","1.100 ms (909.091 Hz)",
"71750","3.587 s","Timing","Times","Time","1.200 ms (833.333 Hz)",
"71774","3.589 s","Timing","Times","Time","1.100 ms (909.091 Hz)",
"71796","3.590 s","Timing","Times","Time","1.200 ms (833.333 Hz)",
"71820","3.591 s","Timing","Times","Time","1.100 ms (909.091 Hz)",
"71842","3.592 s","Timing","Times","Time","2.950 ms (338.983 Hz)",
"71901","3.595 s","Timing","Times","Time","1.100 ms (909.091 Hz)",
"71923","3.596 s","Timing","Times","Time","1.200 ms (833.333 Hz)",
"71947","3.597 s","Timing","Times","Time","1.100 ms (909.091 Hz)",
"71969","3.598 s","Timing","Times","Time","2.900 ms (344.828 Hz)",
"72027","3.601 s","Timing","Times","Time","1.100 ms (909.091 Hz)",
"72049","3.602 s","Timing","Times","Time","2.950 ms (338.983 Hz)",
"72108","3.605 s","Timing","Times","Time","1.100 ms (909.091 Hz)",
"72130","3.607 s","Timing","Times","Time","1.200 ms (833.333 Hz)",
"72154","3.608 s","Timing","Times","Time","1.100 ms (909.091 Hz)",
"72176","3.609 s","Timing","Times","Time","57.350 ms (17.437 Hz)",
"73323","3.666 s","Timing","Times","Time","2.550 ms (392.157 Hz)",
"73374","3.669 s","Timing","Times","Time","2.650 ms (377.358 Hz)",
"73427","3.671 s","Timing","Times","Time","1.100 ms (909.091 Hz)",
"73449","3.672 s","Timing","Times","Time","2.900 ms (344.828 Hz)",
"73507","3.675 s","Timing","Times","Time","1.100 ms (909.091 Hz)",
"73529","3.676 s","Timing","Times","Time","1.200 ms (833.333 Hz)",
"73553","3.678 s","Timing","Times","Time","1.100 ms (909.091 Hz)",
"73575","3.679 s","Timing","Times","Time","1.200 ms (833.333 Hz)",
"73599","3.680 s","Timing","Times","Time","1.150 ms (869.565 Hz)",
"73622","3.681 s","Timing","Times","Time","2.900 ms (344.828 Hz)",
"73680","3.684 s","Timing","Times","Time","1.100 ms (909.091 Hz)",
"73702","3.685 s","Timing","Times","Time","2.950 ms (338.983 Hz)",
"73761","3.688 s","Timing","Times","Time","1.100 ms (909.091 Hz)",
"73783","3.689 s","Timing","Times","Time","1.200 ms (833.333 Hz)",
"73807","3.690 s","Timing","Times","Time","1.100 ms (909.091 Hz)",
"73829","3.691 s","Timing","Times","Time","1.200 ms (833.333 Hz)",
"73853","3.693 s","Timing","Times","Time","1.100 ms (909.091 Hz)",
"73875","3.694 s","Timing","Times","Time","1.200 ms (833.333 Hz)",
"73899","3.695 s","Timing","Times","Time","1.100 ms (909.091 Hz)",
"73921","3.696 s","Timing","Times","Time","1.200 ms (833.333 Hz)",
"73945","3.697 s","Timing","Times","Time","1.100 ms (909.091 Hz)",
"73967","3.698 s","Timing","Times","Time","1.200 ms (833.333 Hz)",
"73991","3.700 s","Timing","Times","Time","1.100 ms (909.091 Hz)",
"74013","3.701 s","Timing","Times","Time","1.200 ms (833.333 Hz)",
"74037","3.702 s","Timing","Times","Time","1.150 ms (869.565 Hz)",
"74060","3.703 s","Timing","Times","Time","2.900 ms (344.828 Hz)",
"74118","3.706 s","Timing","Times","Time","1.100 ms (909.091 Hz)",
"74140","3.707 s","Timing","Times","Time","1.200 ms (833.333 Hz)",
"74164","3.708 s","Timing","Times","Time","1.100 ms (909.091 Hz)",
"74186","3.709 s","Timing","Times","Time","2.950 ms (338.983 Hz)",
"74245","3.712 s","Timing","Times","Time","1.100 ms (909.091 Hz)",
"74267","3.713 s","Timing","Times","Time","2.950 ms (338.983 Hz)",
"74326","3.716 s","Timing","Times","Time","1.100 ms (909.091 Hz)",
"74348","3.717 s","Timing","Times","Time","1.200 ms (833.333 Hz)",
"74372","3.719 s","Timing","Times","Time","1.100 ms (909.091 Hz)",
"74394","3.720 s","Timing","Times","Time","57.350 ms (17.437 Hz)",
"75541","3.777 s","Timing","Times","Time","2.500 ms (400.000 Hz)",
"75591","3.780 s","Timing","Times","Time","2.650 ms (377.358 Hz)",
"75644","3.782 s","Timing","Times","Time","1.100 ms (909.091 Hz)",
"75666","3.783 s","Timing","Times","Time","2.950 ms (338.983 Hz)",
"75725","3.786 s","Timing","Times","Time","1.100 ms (909.091 Hz)",
"75747","3.787 s","Timing","Times","Time","1.200 ms (833.333 Hz)",
"75771","3.789 s","Timing","Times","Time","1.100 ms (909.091 Hz)",
"75793","3.790 s","Timing","Times","Time","1.200 ms (833.333 Hz)",
"75817","3.791 s","Timing","Times","Time","1.100 ms (909.091 Hz)",
"75839","3.792 s","Timing","Times","Time","2.950 ms (338.983 Hz)",
"75898","3.795 s","Timing","Times","Time","1.100 ms (909.091 Hz)",
"75920","3.796 s","Timing","Times","Time","2.900 ms (344.828 Hz)",
"75978","3.799 s","Timing","Times","Time","1.100 ms (909.091 Hz)",
"76000","3.800 s","Timing","Times","Time","1.200 ms (833.333 Hz)",
"76024","3.801 s","Timing","Times","Time","1.150 ms (869.565 Hz)",
"76047","3.802 s","Timing","Times","Time","1.200 ms (833.333 Hz)",
"76071","3.804 s","Timing","Times","Time","1.100 ms (909.091 Hz)",
"76093","3.805 s","Timing","Times","Time","1.200 ms (833.333 Hz)",
"76117","3.806 s","Timing","Times","Time","1.100 ms (909.091 Hz)",
"76139","3.807 s","Timing","Times","Time","1.200 ms (833.333 Hz)",
"76163","3.808 s","Timing","Times","Time","1.100 ms (909.091 Hz)",
"76185","3.809 s","Timing","Times","Time","1.200 ms (833.333 Hz)",
"76209","3.810 s","Timing","Times","Time","1.100 ms (909.091 Hz)",
"76231","3.812 s","Timing","Times","Time","1.200 ms (833.333 Hz)",
"76255","3.813 s","Timing","Times","Time","1.100 ms (909.091 Hz)",
"76277","3.814 s","Timing","Times","Time","2.950 ms (338.983 Hz)",
"76336","3.817 s","Timing","Times","Time","1.100 ms (909.091 Hz)",
"76358","3.818 s","Timing","Times","Time","1.200 ms (833.333 Hz)",
"76382","3.819 s","Timing","Times","Time","1.100 ms (909.091 Hz)",
"76404","3.820 s","Timing","Times","Time","2.900 ms (344.828 Hz)",
"76462","3.823 s","Timing","Times","Time","1.150 ms (869.565 Hz)",
"76485","3.824 s","Timing","Times","Time","2.900 ms (344.828 Hz)",
"76543","3.827 s","Timing","Times","Time","1.100 ms (909.091 Hz)",
"76565","3.828 s","Timing","Times","Time","1.200 ms (833.333 Hz)",
"76589","3.829 s","Timing","Times","Time","1.100 ms (909.091 Hz)",
"76611","3.831 s","Timing","Times","Time","57.350 ms (17.437 Hz)",
"77758","3.888 s","Timing","Times","Time","2.550 ms (392.157 Hz)",
"77809","3.890 s","Timing","Times","Time","2.650 ms (377.358 Hz)",
"77862","3.893 s","Timing","Times","Time","1.100 ms (909.091 Hz)",
"77884","3.894 s","Timing","Times","Time","2.900 ms (344.828 Hz)",
"77942","3.897 s","Timing","Times","Time","1.100 ms (909.091 Hz)",
"77964","3.898 s","Timing","Times","Time","1.200 ms (833.333 Hz)",
"77988","3.899 s","Timing","Times","Time","1.150 ms (869.565 Hz)",
"78011","3.901 s","Timing","Times","Time","1.200 ms (833.333 Hz)",
"78035","3.902 s","Timing","Times","Time","1.100 ms (909.091 Hz)",
"78057","3.903 s","Timing","Times","Time","2.900 ms (344.828 Hz)",
"78115","3.906 s","Timing","Times","Time","1.100 ms (909.091 Hz)",
"78137","3.907 s","Timing","Times","Time","2.950 ms (338.983 Hz)",
"78196","3.910 s","Timing","Times","Time","1.100 ms (909.091 Hz)",
"78218","3.911 s","Timing","Times","Time","1.200 ms (833.333 Hz)",
"78242","3.912 s","Timing","Times","Time","1.100 ms (909.091 Hz)",
"78264","3.913 s","Timing","Times","Time","1.200 ms (833.333 Hz)",
"78288","3.914 s","Timing","Times","Time","1.100 ms (909.091 Hz)",
"78310","3.916 s","Timing","Times","Time","1.200 ms (833.333 Hz)",
"78334","3.917 s","Timing","Times","Time","1.100 ms (909.091 Hz)",
"78356","3.918 s","Timing","Times","Time","1.200 ms (833.333 Hz)",
"78380","3.919 s","Timing","Times","Time","1.100 ms (909.091 Hz)",
"78402","3.920 s","Timing","Times","Time","1.200 ms (833.333 Hz)",
"78426","3.921 s","Timing","Times","Time","1.150 ms (869.565 Hz)",
"78449","3.922 s","Timing","Times","Time","1.200 ms (833.333 Hz)",
"78473","3.924 s","Timing","Times","Time","1.100 ms (909.091 Hz)",
"78495","3.925 s","Timing","Times","Time","2.900 ms (344.828 Hz)",
"78553","3.928 s","Timing","Times","Time","1.100 ms (909.091 Hz)",
"78575","3.929 s","Timing","Times","Time","1.200 ms (833.333 Hz)",
"78599","3.930 s","Timing","Times","Time","1.100 ms (909.091 Hz)",
"78621","3.931 s","Timing","Times","Time","2.950 ms (338.983 Hz)",
"78680","3.934 s","Timing","Times","Time","1.100 ms (909.091 Hz)",
"78702","3.935 s","Timing","Times","Time","2.950 ms (338.983 Hz)",
"78761","3.938 s","Timing","Times","Time","1.100 ms (909.091 Hz)",
"78783","3.939 s","Timing","Times","Time","1.200 ms (833.333 Hz)",
"78807","3.940 s","Timing","Times","Time","1.100 ms (909.091 Hz)",
"78829","3.941 s","Timing","Times","Time","57.350 ms (17.437 Hz)",
"79976","3.999 s","Timing","Times","Time","2.500 ms (400.000 Hz)",
"80026","4.001 s","Timing","Times","Time","2.650 ms (377.358 Hz)",
"80079","4.004 s","Timing","Times","Time","1.100 ms (909.091 Hz)",
"80101","4.005 s","Timing","Times","Time","2.950 ms (338.983 Hz)",
"80160","4.008 s","Timing","Times","Time","1.100 ms (909.091 Hz)",
"80182","4.009 s","Timing","Times","Time","1.200 ms (833.333 Hz)",
"80206","4.010 s","Timing","Times","Time","1.100 ms (909.091 Hz)",
"80228","4.011 s","Timing","Times","Time","1.200 ms (833.333 Hz)",
"80252","4.013 s","Timing","Times","Time","1.100 ms (909.091 Hz)",
"80274","4.014 s","Timing","Times","Time","2.950 ms (338.983 Hz)",
"80333","4.017 s","Timing","Times","Time","1.100 ms (909.091 Hz)",
"80355","4.018 s","Timing","Times","Time","2.900 ms (344.828 Hz)",
"80413","4.021 s","Timing","Times","Time","1.150 ms (869.565 Hz)",
"80436","4.022 s","Timing","Times","Time","1.200 ms (833.333 Hz)",
"80460","4.023 s","Timing","Times","Time","1.100 ms (909.091 Hz)",
"80482","4.024 s","Timing","Times","Time","1.200 ms (833.333 Hz)",
"80506","4.025 s","Timing","Times","Time","1.100 ms (909.091 Hz)",
"80528","4.026 s","Timing","Times","Time","1.200 ms (833.333 Hz)",
"80552","4.028 s","Timing","Times","Time","1.100 ms (909.091 Hz)",
"80574","4.029 s","Timing","Times","Time","1.200 ms (833.333 Hz)",
"80598","4.030 s","Timing","Times","Time","1.100 ms (909.091 Hz)",
"80620","4.031 s","Timing","Times","Time","1.200 ms (833.333 Hz)",
"80644","4.032 s","Timing","Times","Time","1.100 ms (909.091 Hz)",
"80666","4.033 s","Timing","Times","Time","1.200 ms (833.333 Hz)",
"80690","4.035 s","Timing","Times","Time","1.100 ms (909.091 Hz)",
"80712","4.036 s","Timing","Times","Time","2.950 ms (338.983 Hz)",
"80771","4.039 s","Timing","Times","Time","1.100 ms (909.091 Hz)",
"80793","4.040 s","Timing","Times","Time","1.200 ms (833.333 Hz)",
"80817","4.041 s","Timing","Times","Time","1.100 ms (909.091 Hz)",
"80839","4.042 s","Timing","Times","Time","2.950 ms (338.983 Hz)",
"80898","4.045 s","Timing","Times","Time","1.100 ms (909.091 Hz)",
"80920","4.046 s","Timing","Times","Time","2.900 ms (344.828 Hz)",
"80978","4.049 s","Timing","Times","Time","1.100 ms (909.091 Hz)",
"81000","4.050 s","Timing","Times","Time","1.200 ms (833.333 Hz)",
"81024","4.051 s","Timing","Times","Time","1.100 ms (909.091 Hz)",
