Sample,Time,Decoder,Ann Row,Ann Class,Value,
29749,1.487 s,Timing,Times,Time,2.650 ms (377.358 Hz),
29802,1.490 s,Timing,Times,Time,2.800 ms (357.143 Hz),
29858,1.493 s,Timing,Times,Time,1.250 ms (800.000 Hz),
29883,1.494 s,Timing,Times,Time,3.100 ms (322.581 Hz),
29945,1.497 s,Timing,Times,Time,1.250 ms (800.000 Hz),
29970,1.498 s,Timing,Times,Time,1.300 ms (769.231 Hz),
29996,1.500 s,Timing,Times,Time,1.300 ms (769.231 Hz),
30022,1.501 s,Timing,Times,Time,1.350 ms (740.741 Hz),
30049,1.502 s,Timing,Times,Time,1.250 ms (800.000 Hz),
30074,1.504 s,Timing,Times,Time,3.100 ms (322.581 Hz),
30136,1.507 s,Timing,Times,Time,1.250 ms (800.000 Hz),
30161,1.508 s,Timing,Times,Time,3.050 ms (327.869 Hz),
30222,1.511 s,Timing,Times,Time,1.300 ms (769.231 Hz),
30248,1.512 s,Timing,Times,Time,1.350 ms (740.741 Hz),
30275,1.514 s,Timing,Times,Time,1.200 ms (833.333 Hz),
30299,1.515 s,Timing,Times,Time,1.350 ms (740.741 Hz),
30326,1.516 s,Timing,Times,Time,1.300 ms (769.231 Hz),
30352,1.518 s,Timing,Times,Time,1.300 ms (769.231 Hz),
30378,1.519 s,Timing,Times,Time,1.250 ms (800.000 Hz),
30403,1.520 s,Timing,Times,Time,1.350 ms (740.741 Hz),
30430,1.522 s,Timing,Times,Time,1.200 ms (833.333 Hz),
30454,1.523 s,Timing,Times,Time,1.350 ms (740.741 Hz),
30481,1.524 s,Timing,Times,Time,1.300 ms (769.231 Hz),
30507,1.525 s,Timing,Times,Time,1.350 ms (740.741 Hz),
30534,1.527 s,Timing,Times,Time,1.250 ms (800.000 Hz),
30559,1.528 s,Timing,Times,Time,3.100 ms (322.581 Hz),
30621,1.531 s,Timing,Times,Time,1.250 ms (800.000 Hz),
30646,1.532 s,Timing,Times,Time,3.100 ms (322.581 Hz),
30708,1.535 s,Timing,Times,Time,1.300 ms (769.231 Hz),
30734,1.537 s,Timing,Times,Time,3.000 ms (333.333 Hz),
30794,1.540 s,Timing,Times,Time,1.350 ms (740.741 Hz),
30821,1.541 s,Timing,Times,Time,1.300 ms (769.231 Hz),
30847,1.542 s,Timing,Times,Time,1.300 ms (769.231 Hz),
30873,1.544 s,Timing,Times,Time,1.250 ms (800.000 Hz),
30898,1.545 s,Timing,Times,Time,1.300 ms (769.231 Hz),
30924,1.546 s,Timing,Times,Time,57.600 ms (17.361 Hz),
32076,1.604 s,Timing,Times,Time,2.650 ms (377.358 Hz),
32129,1.606 s,Timing,Times,Time,2.700 ms (370.370 Hz),
32183,1.609 s,Timing,Times,Time,1.250 ms (800.000 Hz),
32208,1.610 s,Timing,Times,Time,3.100 ms (322.581 Hz),
32270,1.613 s,Timing,Times,Time,1.250 ms (800.000 Hz),
32295,1.615 s,Timing,Times,Time,1.350 ms (740.741 Hz),
32322,1.616 s,Timing,Times,Time,1.250 ms (800.000 Hz),
32347,1.617 s,Timing,Times,Time,1.350 ms (740.741 Hz),
32374,1.619 s,Timing,Times,Time,1.250 ms (800.000 Hz),
32399,1.620 s,Timing,Times,Time,3.100 ms (322.581 Hz),
32461,1.623 s,Timing,Times,Time,1.250 ms (800.000 Hz),
32486,1.624 s,Timing,Times,Time,3.100 ms (322.581 Hz),
32548,1.627 s,Timing,Times,Time,1.350 ms (740.741 Hz),
32575,1.629 s,Timing,Times,Time,1.200 ms (833.333 Hz),
32599,1.630 s,Timing,Times,Time,1.350 ms (740.741 Hz),
32626,1.631 s,Timing,Times,Time,1.300 ms (769.231 Hz),
32652,1.633 s,Timing,Times,Time,1.250 ms (800.000 Hz),
32677,1.634 s,Timing,Times,Time,1.300 ms (769.231 Hz),
32703,1.635 s,Timing,Times,Time,1.300 ms (769.231 Hz),
32729,1.636 s,Timing,Times,Time,1.300 ms (769.231 Hz),
32755,1.638 s,Timing,Times,Time,1.350 ms (740.741 Hz),
32782,1.639 s,Timing,Times,Time,1.200 ms (833.333 Hz),
32806,1.640 s,Timing,Times,Time,1.300 ms (769.231 Hz),
32832,1.642 s,Timing,Times,Time,1.350 ms (740.741 Hz),
32859,1.643 s,Timing,Times,Time,1.250 ms (800.000 Hz),
32884,1.644 s,Timing,Times,Time,3.100 ms (322.581 Hz),
32946,1.647 s,Timing,Times,Time,1.350 ms (740.741 Hz),
32973,1.649 s,Timing,Times,Time,2.950 ms (338.983 Hz),
33032,1.652 s,Timing,Times,Time,1.300 ms (769.231 Hz),
33058,1.653 s,Timing,Times,Time,3.100 ms (322.581 Hz),
33120,1.656 s,Timing,Times,Time,1.350 ms (740.741 Hz),
33147,1.657 s,Timing,Times,Time,1.200 ms (833.333 Hz),
33171,1.659 s,Timing,Times,Time,1.400 ms (714.286 Hz),
33199,1.660 s,Timing,Times,Time,1.200 ms (833.333 Hz),
33223,1.661 s,Timing,Times,Time,1.300 ms (769.231 Hz),
33249,1.662 s,Timing,Times,Time,57.550 ms (17.376 Hz),
34400,1.720 s,Timing,Times,Time,2.650 ms (377.358 Hz),
34453,1.723 s,Timing,Times,Time,2.750 ms (363.636 Hz),
34508,1.725 s,Timing,Times,Time,1.250 ms (800.000 Hz),
34533,1.727 s,Timing,Times,Time,3.100 ms (322.581 Hz),
34595,1.730 s,Timing,Times,Time,1.350 ms (740.741 Hz),
34622,1.731 s,Timing,Times,Time,1.200 ms (833.333 Hz),
34646,1.732 s,Timing,Times,Time,1.300 ms (769.231 Hz),
34672,1.734 s,Timing,Times,Time,1.350 ms (740.741 Hz),
34699,1.735 s,Timing,Times,Time,1.250 ms (800.000 Hz),
34724,1.736 s,Timing,Times,Time,3.100 ms (322.581 Hz),
34786,1.739 s,Timing,Times,Time,1.250 ms (800.000 Hz),
34811,1.741 s,Timing,Times,Time,3.100 ms (322.581 Hz),
34873,1.744 s,Timing,Times,Time,1.350 ms (740.741 Hz),
34900,1.745 s,Timing,Times,Time,1.200 ms (833.333 Hz),
34924,1.746 s,Timing,Times,Time,1.300 ms (769.231 Hz),
34950,1.748 s,Timing,Times,Time,1.300 ms (769.231 Hz),
34976,1.749 s,Timing,Times,Time,1.250 ms (800.000 Hz),
35001,1.750 s,Timing,Times,Time,1.350 ms (740.741 Hz),
35028,1.751 s,Timing,Times,Time,1.350 ms (740.741 Hz),
35055,1.753 s,Timing,Times,Time,1.200 ms (833.333 Hz),
35079,1.754 s,Timing,Times,Time,1.300 ms (769.231 Hz),
35105,1.755 s,Timing,Times,Time,1.300 ms (769.231 Hz),
35131,1.757 s,Timing,Times,Time,1.300 ms (769.231 Hz),
35157,1.758 s,Timing,Times,Time,1.300 ms (769.231 Hz),
35183,1.759 s,Timing,Times,Time,1.300 ms (769.231 Hz),
35209,1.760 s,Timing,Times,Time,3.100 ms (322.581 Hz),
35271,1.764 s,Timing,Times,Time,1.250 ms (800.000 Hz),
35296,1.765 s,Timing,Times,Time,3.100 ms (322.581 Hz),
35358,1.768 s,Timing,Times,Time,1.300 ms (769.231 Hz),
35384,1.769 s,Timing,Times,Time,3.000 ms (333.333 Hz),
35444,1.772 s,Timing,Times,Time,1.300 ms (769.231 Hz),
35470,1.774 s,Timing,Times,Time,1.350 ms (740.741 Hz),
35497,1.775 s,Timing,Times,Time,1.250 ms (800.000 Hz),
35522,1.776 s,Timing,Times,Time,1.300 ms (769.231 Hz),
35548,1.777 s,Timing,Times,Time,1.350 ms (740.741 Hz),
35575,1.779 s,Timing,Times,Time,1.200 ms (833.333 Hz),
35599,1.780 s,Timing,Times,Time,2.750 ms (363.636 Hz),
35654,1.783 s,Timing,Times,Time,2.750 ms (363.636 Hz),
35709,1.785 s,Timing,Times,Time,1.300 ms (769.231 Hz),
35735,1.787 s,Timing,Times,Time,3.000 ms (333.333 Hz),
35795,1.790 s,Timing,Times,Time,1.300 ms (769.231 Hz),
35821,1.791 s,Timing,Times,Time,1.350 ms (740.741 Hz),
35848,1.792 s,Timing,Times,Time,1.250 ms (800.000 Hz),
35873,1.794 s,Timing,Times,Time,1.300 ms (769.231 Hz),
35899,1.795 s,Timing,Times,Time,1.350 ms (740.741 Hz),
35926,1.796 s,Timing,Times,Time,3.000 ms (333.333 Hz),
35986,1.799 s,Timing,Times,Time,1.300 ms (769.231 Hz),
36012,1.801 s,Timing,Times,Time,3.100 ms (322.581 Hz),
36074,1.804 s,Timing,Times,Time,1.250 ms (800.000 Hz),
36099,1.805 s,Timing,Times,Time,1.350 ms (740.741 Hz),
36126,1.806 s,Timing,Times,Time,1.300 ms (769.231 Hz),
36152,1.808 s,Timing,Times,Time,1.250 ms (800.000 Hz),
36177,1.809 s,Timing,Times,Time,1.250 ms (800.000 Hz),
36202,1.810 s,Timing,Times,Time,1.350 ms (740.741 Hz),
36229,1.811 s,Timing,Times,Time,1.250 ms (800.000 Hz),
36254,1.813 s,Timing,Times,Time,1.350 ms (740.741 Hz),
36281,1.814 s,Timing,Times,Time,1.300 ms (769.231 Hz),
36307,1.815 s,Timing,Times,Time,1.250 ms (800.000 Hz),
36332,1.817 s,Timing,Times,Time,1.300 ms (769.231 Hz),
36358,1.818 s,Timing,Times,Time,1.300 ms (769.231 Hz),
36384,1.819 s,Timing,Times,Time,1.300 ms (769.231 Hz),
36410,1.821 s,Timing,Times,Time,3.050 ms (327.869 Hz),
36471,1.824 s,Timing,Times,Time,1.400 ms (714.286 Hz),
36499,1.825 s,Timing,Times,Time,2.950 ms (338.983 Hz),
36558,1.828 s,Timing,Times,Time,1.300 ms (769.231 Hz),
36584,1.829 s,Timing,Times,Time,3.100 ms (322.581 Hz),
36646,1.832 s,Timing,Times,Time,1.250 ms (800.000 Hz),
36671,1.834 s,Timing,Times,Time,1.350 ms (740.741 Hz),
36698,1.835 s,Timing,Times,Time,1.300 ms (769.231 Hz),
36724,1.836 s,Timing,Times,Time,1.250 ms (800.000 Hz),
36749,1.837 s,Timing,Times,Time,1.300 ms (769.231 Hz),
36775,1.839 s,Timing,Times,Time,57.550 ms (17.376 Hz),
37926,1.896 s,Timing,Times,Time,2.700 ms (370.370 Hz),
37980,1.899 s,Timing,Times,Time,2.650 ms (377.358 Hz),
38033,1.902 s,Timing,Times,Time,1.300 ms (769.231 Hz),
38059,1.903 s,Timing,Times,Time,3.100 ms (322.581 Hz),
38121,1.906 s,Timing,Times,Time,1.250 ms (800.000 Hz),
38146,1.907 s,Timing,Times,Time,1.350 ms (740.741 Hz),
38173,1.909 s,Timing,Times,Time,1.250 ms (800.000 Hz),
38198,1.910 s,Timing,Times,Time,1.300 ms (769.231 Hz),
38224,1.911 s,Timing,Times,Time,1.350 ms (740.741 Hz),
38251,1.913 s,Timing,Times,Time,3.000 ms (333.333 Hz),
38311,1.916 s,Timing,Times,Time,1.300 ms (769.231 Hz),
38337,1.917 s,Timing,Times,Time,3.100 ms (322.581 Hz),
38399,1.920 s,Timing,Times,Time,1.350 ms (740.741 Hz),
38426,1.921 s,Timing,Times,Time,1.200 ms (833.333 Hz),
38450,1.923 s,Timing,Times,Time,1.350 ms (740.741 Hz),
38477,1.924 s,Timing,Times,Time,1.250 ms (800.000 Hz),
38502,1.925 s,Timing,Times,Time,1.300 ms (769.231 Hz),
38528,1.926 s,Timing,Times,Time,1.300 ms (769.231 Hz),
38554,1.928 s,Timing,Times,Time,1.250 ms (800.000 Hz),
38579,1.929 s,Timing,Times,Time,1.350 ms (740.741 Hz),
38606,1.930 s,Timing,Times,Time,1.300 ms (769.231 Hz),
38632,1.932 s,Timing,Times,Time,1.250 ms (800.000 Hz),
38657,1.933 s,Timing,Times,Time,1.300 ms (769.231 Hz),
38683,1.934 s,Timing,Times,Time,1.300 ms (769.231 Hz),
38709,1.935 s,Timing,Times,Time,1.250 ms (800.000 Hz),
38734,1.937 s,Timing,Times,Time,3.150 ms (317.460 Hz),
38797,1.940 s,Timing,Times,Time,1.250 ms (800.000 Hz),
38822,1.941 s,Timing,Times,Time,3.100 ms (322.581 Hz),
38884,1.944 s,Timing,Times,Time,1.300 ms (769.231 Hz),
38910,1.946 s,Timing,Times,Time,3.000 ms (333.333 Hz),
38970,1.948 s,Timing,Times,Time,1.300 ms (769.231 Hz),
38996,1.950 s,Timing,Times,Time,1.350 ms (740.741 Hz),
39023,1.951 s,Timing,Times,Time,1.250 ms (800.000 Hz),
39048,1.952 s,Timing,Times,Time,1.350 ms (740.741 Hz),
39075,1.954 s,Timing,Times,Time,1.300 ms (769.231 Hz),
39101,1.955 s,Timing,Times,Time,57.500 ms (17.391 Hz),
40251,2.013 s,Timing,Times,Time,2.650 ms (377.358 Hz),
40304,2.015 s,Timing,Times,Time,2.700 ms (370.370 Hz),
40358,2.018 s,Timing,Times,Time,1.350 ms (740.741 Hz),
40385,2.019 s,Timing,Times,Time,3.000 ms (333.333 Hz),
40445,2.022 s,Timing,Times,Time,1.300 ms (769.231 Hz),
40471,2.024 s,Timing,Times,Time,1.350 ms (740.741 Hz),
40498,2.025 s,Timing,Times,Time,1.250 ms (800.000 Hz),
40523,2.026 s,Timing,Times,Time,1.300 ms (769.231 Hz),
40549,2.027 s,Timing,Times,Time,1.300 ms (769.231 Hz),
40575,2.029 s,Timing,Times,Time,3.050 ms (327.869 Hz),
40636,2.032 s,Timing,Times,Time,1.300 ms (769.231 Hz),
40662,2.033 s,Timing,Times,Time,3.050 ms (327.869 Hz),
40723,2.036 s,Timing,Times,Time,1.300 ms (769.231 Hz),
40749,2.037 s,Timing,Times,Time,1.300 ms (769.231 Hz),
40775,2.039 s,Timing,Times,Time,1.350 ms (740.741 Hz),
40802,2.040 s,Timing,Times,Time,1.200 ms (833.333 Hz),
40826,2.041 s,Timing,Times,Time,1.300 ms (769.231 Hz),
40852,2.043 s,Timing,Times,Time,1.350 ms (740.741 Hz),
40879,2.044 s,Timing,Times,Time,1.250 ms (800.000 Hz),
40904,2.045 s,Timing,Times,Time,1.300 ms (769.231 Hz),
40930,2.046 s,Timing,Times,Time,1.300 ms (769.231 Hz),
40956,2.048 s,Timing,Times,Time,1.300 ms (769.231 Hz),
40982,2.049 s,Timing,Times,Time,1.300 ms (769.231 Hz),
41008,2.050 s,Timing,Times,Time,1.300 ms (769.231 Hz),
41034,2.052 s,Timing,Times,Time,1.350 ms (740.741 Hz),
41061,2.053 s,Timing,Times,Time,2.950 ms (338.983 Hz),
41120,2.056 s,Timing,Times,Time,1.350 ms (740.741 Hz),
41147,2.057 s,Timing,Times,Time,3.100 ms (322.581 Hz),
41209,2.060 s,Timing,Times,Time,1.250 ms (800.000 Hz),
41234,2.062 s,Timing,Times,Time,3.100 ms (322.581 Hz),
41296,2.065 s,Timing,Times,Time,1.300 ms (769.231 Hz),
41322,2.066 s,Timing,Times,Time,1.200 ms (833.333 Hz),
41346,2.067 s,Timing,Times,Time,1.350 ms (740.741 Hz),
41373,2.069 s,Timing,Times,Time,1.250 ms (800.000 Hz),
41398,2.070 s,Timing,Times,Time,1.350 ms (740.741 Hz),
